Year,Capacity(TWh),Percentage Change
2008,174.4562294,
2009,166.2110448,-4.726219661
2010,165.7502073,-0.277260442
2011,179.7798598,8.46433481
2012,193.1937083,7.461263217
2013,201.6605636,4.382572989
2014,202.3791217,0.356320579
2015,194.0408596,-4.120119693
2016,197.7351107,1.903852126
2017,212.2608801,7.346074949
2018,208.0321898,-1.992213664
2019,200.7610266,-3.49521067
2020,199.2833301,-0.736047487
2021,186.090598,-6.62008813
2022,192.0051838,3.178336719